jday,UniqueID,year,CO2_flux,CO2_r2,CO2_SE,CH4_flux,CH4_r2,CH4_SE
145,45436_411,2024,-152.39749363974803,0.9818125597339927,0.012499347223546014,-0.0010027904154834015,0.03228104123263503,3.3086363874202867e-6
145,45436_412,2024,-33.58851146458174,0.9877522073713721,0.0022601471232832466,0.011792397013539818,0.6177180762559641,5.605829221783724e-6
145,45436_413,2024,67.8084927109344,0.9924313788174784,0.0034291895614117973,0.003431686750298258,0.22465800325483828,3.6918377509681408e-6
145,45436_4,2024,-69.14964931731535,0.9811518929648401,0.005791576181423795,0.01632374871171315,0.831103276671111,4.446763785691735e-6
145,45436_432,2024,24.958520033604497,0.9575578631997984,0.0031752357896047702,0.014251082140187554,0.7066430737191987,5.5486458723452516e-6
145,45436_433,2024,-6.725791724683385,0.7502667331970583,0.0022245187361498164,-0.0032355089570946043,0.11644801390121695,5.109223684369439e-6
145,45436_414,2024,15.455413198610788,0.8826960380116019,0.0030588363173197214,0.039619945577696325,0.9793088360820195,3.1265930954545677e-6
145,45436_435,2024,-94.85852798772765,0.44918854892300975,0.06347527158936325,-0.04810777394431103,0.6757501802113351,2.0137385909163204e-5
145,45436_436,2024,-40.96127321849341,0.06855248761337657,0.09123932767204562,0.0011456314374076561,0.0011938279798846816,2.0024224210386192e-5
145,45436_438,2024,-68.47269186196681,0.3760129059505867,0.050566876574968216,0.003843609151415668,0.02685255165956543,1.3264719231915977e-5
145,45436_417,2024,510.2252168812663,0.5392595467279879,0.28420334177864404,0.005895641912050142,0.19298554454234107,7.265196659277897e-6
145,45436_418,2024,-35.83030268332815,0.015578669041497862,0.17259435649328408,-0.008129966270560807,0.36908547536971287,6.44111882494328e-6
145,45436_434,2024,-36.413695873835486,0.20886606872789723,0.03909365192636807,-0.007430273367066081,0.31630931737490436,6.025998955794479e-6
145,45436_419,2024,-25.905798400166354,0.0199390506686599,0.10544628341624696,-0.001139716898874604,0.034757808588303594,3.4869758067100206e-6
145,45436_420,2024,-69.85659758456521,0.18953242894961939,0.08802867201958753,0.008823710225287355,0.4057058721562928,6.507841604140876e-6
145,45436_421,2024,-16.031325457782533,0.008535670399281128,0.09759618615348147,0.010421330449228858,0.08323193170644771,1.9536717927159745e-5
145,45436_441,2024,21.835282432981913,0.005482192239102061,0.1725236267282198,-0.11093205729706575,0.4406616417227923,7.331660706886717e-5
145,45436_439,2024,-55.59216760545459,0.28679889946946363,0.051974146245351543,-0.024446098840600682,0.7278231255310044,8.862959063419665e-6
145,45436_422,2024,-46.471910426820465,0.06453542444318819,0.10751582957398213,-0.004062782908090052,0.2845821383145552,3.914416047094547e-6
145,45436_425,2024,-125.96247410078209,0.6464796527844224,0.055076880237724266,-0.0046883348683096765,0.36526806485853297,3.654317851110639e-6
145,45436_423,2024,-16.92034870499497,0.21735284352468476,0.019295287546945948,0.014657439856530197,0.7205279733920973,5.485844247498457e-6
145,45436_424,2024,103.18818540312945,0.57412247946972494,0.05311759993518217,-0.012730134731126466,0.34643597170147533,1.0450425324878852e-5
145,45436_426,2024,238.0492457893118,0.4034532294927846,0.17491759841096235,-0.014639865688253127,0.4560094018529979,9.662442789598244e-6
145,45436_442,2024,-123.54584721257793,0.1996126250569861,0.14949453216315467,-0.003095212556843194,0.04042055533322078,9.113198992511853e-6
145,45436_427,2024,-63.41178074554684,0.18770410218516007,0.07718215142771273,-0.031717145993041075,0.6238374412950897,1.441029424595502e-5
145,45436_428,2024,131.02400586976853,0.19962180274465638,0.15431033291088464,-0.0010072357930448381,0.03313437831893545,3.2001865322383866e-6
145,45436_429,2024,-109.5172853617212,0.3258934966473071,0.08770380763490966,0.007637102544890349,0.5663100572551931,3.7213500763392585e-6
145,45436_431,2024,-11.2442754936389,0.0038389965089256116,0.10709908486490646,-0.012269786728002774,0.501953827349637,7.226671357639244e-6
145,45436_443,2024,-17.29013733671456,0.013330834691223084,0.08795366116162183,-0.01874869376422719,0.5189155265562821,1.0674111270353139e-5
145,45436_444,2024,-31.592376941723817,0.9774537710667622,0.004269818323137468,0.007324760443237794,0.24693042673835583,1.1383135975364397e-5
157,45448_895,2024,28.302666315017813,0.9938647778266497,0.0012779963325283716,0.004001227257505731,0.3575994478709881,3.0821126695408583e-6
157,45448_892,2024,13.590171651442658,0.8110061573289589,0.0038688606660665977,0.003533548650182493,0.2518070465338283,3.591950453738631e-6
157,45448_889,2024,12.058821856716477,0.9177600480458313,0.0021065917165258904,-0.005515961759735039,0.3787824974386587,4.122368202037786e-6
157,45448_880,2024,22.461845976520223,0.7131152944727444,0.008401670832436472,0.0029666466149037007,0.1506410566839596,4.154188192533961e-6
157,45448_893,2024,12.652802746317592,0.8981210897113652,0.002553954690220204,0.005064434336302538,0.1790921567540604,6.498178190886844e-6
157,45448_905,2024,-9.796929914932068,0.4694792271787334,0.006207610235790303,-0.002318130372009296,0.053448351796454886,5.814793409670819e-6
157,45448_903,2024,12.609748557271255,0.07452677803995372,0.02491932856895554,-3.8897639642693357e-4,0.0030596691052573494,3.937537971863045e-6
157,45448_876,2024,17.795500086322946,0.9642647330021632,0.0019992136751052904,0.0018970933227384905,0.09606907748827567,3.395964562942656e-6
157,45448_380,2024,-1.9674174486565779,0.010057461751959335,0.010257608889080944,0.007264577346572992,0.623121189983295,2.969024427220374e-6
157,45448_386,2024,24.999736000826843,0.9745990934243369,0.0019247547738049983,0.0014724739065059,0.14327850888554644,1.7171383491614908e-6
157,45448_583,2024,33.433329016754676,0.8722986375593001,0.007465234136217039,-7.474037161824146e-4,0.02025671040402962,3.0333713794391456e-6
157,45448_288,2024,21.39407975585257,0.7228062115839029,0.007813053796356122,-5.416648433187025e-4,0.010792795607590059,3.0581142250931374e-6
157,45448_351,2024,36.678301308421,0.741408915090439,0.012707136632606746,-5.886154861951985e-4,0.008737574425071377,3.677825975420347e-6
157,45448_217,2024,28.439717265334146,0.8601834107388461,0.006708659935979621,0.0019334735726126574,0.08807581413782324,3.640122148764658e-6
157,45448_356,2024,26.979693982571153,0.7937809668189116,0.0082414343672243,0.0012799236977080527,0.03815348107162544,3.851426701377717e-6
157,45448_362,2024,17.543599820202182,0.39916592223647995,0.012970516537685842,0.0017439457237950042,0.07968018464649136,3.5716195769410863e-6
157,45448_366,2024,20.943334468307654,0.4541192783389341,0.013837184998748099,4.6958088209891934e-4,0.006045401812563741,3.6284329719326406e-6
157,45448_678,2024,45.60051984703729,0.6602474621699046,0.019766911725470605,-1.4703749913377008e-4,6.932124200322428e-4,3.3735364211141867e-6
157,45448_677,2024,19.015098491011727,0.7591392212632567,0.006384286092308393,4.296825359386723e-4,0.00524828651282479,3.526043904441194e-6
157,45448_529,2024,18.051309100416002,0.979904606884245,0.0014462144825899159,9.749949150357344e-4,0.03526402840264693,2.8530427248246844e-6
157,45448_544,2024,63.82427220175486,0.7921979442700797,0.01892967671331656,8.020079393169936e-4,0.017182973698151974,3.5124900464523126e-6
157,45448_318,2024,72.09947842153021,0.8851000385281139,0.01496720085585779,-6.080314504030746e-4,0.009389752663408576,3.598281016780189e-6
157,45448_309,2024,33.29011985284372,0.6934291350407952,0.012721271305995027,4.797295923633938e-5,7.412009868359576e-5,3.2023085730030433e-6
157,45448_302,2024,29.36495084511825,0.5646424819122906,0.015581403424662965,0.0013788397041919114,0.039708688742494856,4.097448955071242e-6
157,45448_933,2024,-13.324668168304298,0.06875021686323796,0.028920037624026375,0.008156994533502675,0.6354548365755931,3.643425486501204e-6
157,45448_236,2024,50.25837136544,0.16667175273945348,0.06242707073371332,-0.0023993963558512966,0.08168030318989317,4.469179208107679e-6
157,45448_175,2024,9.921053480613764,0.006763024127560217,0.07285586915452649,0.004688325921427857,0.18878236791897185,5.88920338693134e-6
157,45448_153,2024,-3.0331134708011227,0.23304706080009077,0.003170267460067214,-5.186320651316065e-4,0.007310948511378644,3.4819603355743943e-6
157,45448_176,2024,-4.579765863429695,0.4121082564884108,0.0033146454424572654,-8.550411480997524e-4,0.017293480179896018,3.9057866395396585e-6
157,45448_165,2024,30.895673502684026,0.2456175683315608,0.03143574286607047,0.002421577362780256,0.1638144344810862,3.176388313021282e-6
157,45448_411,2024,27.174178278886657,0.5397771708605713,0.015204915980009335,0.0047604534986816155,0.39277017438540357,3.5867937609495416e-6
157,45448_412,2024,26.6573059720672,0.657679742590245,0.011654029310253451,0.025311035907333967,0.7330889541533498,9.2547701532422e-6
157,45448_413,2024,100.03495650028741,0.8156961066963445,0.02873398709489988,0.004391824085831826,0.3246616751412074,3.82764072258953e-6
157,45448_4,2024,26.931613364128605,0.8891307902213734,0.005746799784568278,-0.0012764703779108801,0.005688587489987293,1.0197900652489274e-5
157,45448_432,2024,21.780764628171067,0.7192090420028672,0.0082468461679971,0.00614398716510693,0.39990201163223316,4.56074060981365e-6
157,45448_433,2024,27.17917213602698,0.9339634342755975,0.004307794329474923,0.002696543420294807,0.16275515625785061,3.6455051276787713e-6
157,45448_414,2024,32.77396257577299,0.9840293506759128,0.002405641550274269,0.1284086375145491,0.9956472687539732,4.891782208454648e-6
157,45448_434,2024,23.931575981230814,0.8939676560648256,0.005065615830797349,0.0043419865634538425,0.2554010910437995,4.556600693881573e-6
159,45450_435,2024,-7.919413417866392,0.36806194173083484,0.006219014461378854,-0.14392963475565831,0.9558520540150184,1.8537957752976152e-5
159,45450_436,2024,17.50254803322898,0.8335255673972642,0.004314853040078571,0.006914698376278306,0.2558833064475183,6.504639156880349e-6
159,45450_438,2024,42.0386748438075,0.9772427942793177,0.0038342076793113347,0.007190955572343441,0.5211699761386911,4.119608864418157e-6
159,45450_417,2024,-84.17314304121437,0.9557297619147093,0.010655219839004094,0.0019815556070229734,0.08841036371715362,3.742440133938107e-6
159,45450_418,2024,17.525276125013505,0.7644337135120554,0.005178271605310922,0.008468912027804549,0.477483337219193,4.715544942346496e-6
159,45450_419,2024,-246.54225910679187,0.9611780625024845,0.02683992742966337,0.0021786876481925503,0.16314754590393293,2.6728982929590183e-6
159,45450_420,2024,113.92338424788787,0.9806051730160863,0.009628316235408,0.0029690084660173414,0.11496030630624737,4.9506298675225834e-6
159,45450_421,2024,-26.031113041531896,0.8736532097737307,0.005981999206718519,-5.771182999244561e-4,0.005373921769784489,4.744496616951257e-6
159,45450_439,2024,9.228001419613616,0.29310134834046875,0.008256995031766644,5.299872047723228e-4,0.007063787199536011,3.620361669254723e-6
159,45450_441,2024,20.954666869870376,0.8893612467412574,0.004154712021788115,0.17714446952907945,0.9883158466121325,1.0827394814181199e-5
159,45450_422,2024,-42.302245793398555,0.5279335943488326,0.024239636588289284,0.0025588315761798583,0.08155669657893189,5.203419567509265e-6
159,45450_423,2024,13.986043186987667,0.9711555799976878,0.0014485149058163086,0.0019846276386251064,0.08101689477713576,4.016859166518082e-6
159,45450_425,2024,17.800710802366112,0.9746505352930356,0.0017204776314659297,0.002473504813985273,0.1713089244102576,3.2603997344272708e-6
159,45450_424,2024,21.96382105427565,0.9406734925536631,0.003342439973194215,0.014383028698111604,0.7941578898258189,4.43725935804217e-6
159,45450_426,2024,27.98510771551668,0.9904014875015676,0.0016511063993621033,0.015255968433866788,0.8865223261853046,3.271160907345838e-6
159,45450_427,2024,22.000428249628232,0.9804515463261554,0.0018772206208362238,0.029596619704289052,0.9629431741122655,3.508463282778913e-6
159,45450_428,2024,-13.893225736619826,0.9618236933093653,0.0016194927008567207,0.03326978581548919,0.19736213146456175,3.925586915912487e-5
159,45450_429,2024,76.28511687376081,0.9946453507483515,0.0033273005113138997,0.006015614754950564,0.4965727301605032,3.600624037061097e-6
159,45450_431,2024,32.022304837598774,0.9795365456632391,0.002796873239742839,0.024358886351745233,0.864940664608884,5.816578855506841e-6
159,45450_443,2024,27.111675321136534,0.9785671923858799,0.0022831257926404,0.01885904911998196,0.7992453649166045,5.3782600496217705e-6
159,45450_444,2024,7.4683069083188025,0.9270190455984582,0.0012260531024745865,0.05607020562684698,0.8743387858340025,1.2437113149142673e-5
159,45450_442,2024,33.433718315344436,0.9563183919985164,0.004247697283715257,8.16993098948652e-5,2.0203192111562616e-4,3.416530808997378e-6
162,45453_351,2024,27.486008604972536,0.9900635204193483,0.0016324989659511355,0.0016942006698890829,0.04145976166336099,4.829621730316603e-6
162,45453_217,2024,16.362188322145773,0.8886733882527617,0.003433414911722836,-0.007086682693563069,0.340169663113383,5.851508379055608e-6
162,45453_356,2024,165.72460141214728,0.38905169518859145,0.12279591847893678,0.00948682960833291,0.23348044453323974,1.0163793592213978e-5
162,45453_362,2024,20.46318910276168,0.9562785395614917,0.002644048929427065,-0.0035869640952888113,0.09446338620950818,6.711032266449246e-6
162,45453_366,2024,21.975344093909772,0.908133173517398,0.004143780714557365,-0.003918974834010664,0.04898876184815787,1.0237020231255589e-5
162,45453_677,2024,3.826289808051248,0.3003536365838547,0.0035094762480636695,3.435497102343294e-4,8.465601855490698e-4,7.0928106178769645e-6
162,45453_678,2024,17.899776943829046,0.8823873140065669,0.003916488249026108,0.02143570858090961,0.6528225202721939,9.36845134779884e-6
162,45453_529,2024,4.826251916267908,0.2866213342428389,0.0045507625428245916,0.007736412793636136,0.35132058317286213,6.283061077628949e-6
162,45453_544,2024,45.02382465362256,0.9880589012655205,0.002982710625718471,-0.007529386255514752,0.36111832235790037,6.035080137401505e-6
162,45453_318,2024,57.393141035869554,0.9957256500522479,0.0022293675638927236,0.003639917743545829,0.13667695357181023,5.4235929257954754e-6
162,45453_309,2024,27.45937153021104,0.9523579899473671,0.0037320960529577947,0.0013671265004351573,0.030891570454206978,4.653097896888361e-6
162,45453_302,2024,30.826440435360738,0.9821029937470522,0.002500786751292219,-0.006773906181226355,0.38539406220219496,5.140751926137413e-6
162,45453_933,2024,17.363423113724867,0.9768099124135059,0.0015112113294943194,0.008378472900120972,0.5324902890575866,4.434534403179457e-6
162,45453_236,2024,10.886603243433772,0.8990139974214095,0.0021631979040997004,-0.00194541762534121,0.054516551103714075,4.803216019698769e-6
162,45453_165,2024,30.58225529202078,0.9888537575147328,0.0019566165764136694,0.007003174056404629,0.3427025919283147,5.844605407554432e-6
162,45453_175,2024,84.22996558666635,0.9978874243734852,0.002316329651621531,0.004361775914941572,0.17728764846840406,5.6158630026127285e-6
162,45453_153,2024,30.243463712379548,0.9309168171657457,0.004711308337896979,-0.002011593061455395,0.04048180261493821,5.6003617895597e-6
162,45453_176,2024,50.397127130936205,0.9957707580448285,0.001892352612710369,-0.007553683867622875,0.3764813309071279,5.600883190669068e-6
162,45453_288,2024,3.0457842521983896,0.004513789367941683,0.02740923398527115,0.007023910129533641,0.16539464524966271,9.561138050145162e-6
162,45453_583,2024,28.6524850700222,0.9624917707929784,0.003408513927028583,-0.0030010363280811962,0.05185378054222384,7.733154886543082e-6
162,45453_380,2024,8.495132434518727,0.8729315308794897,0.0018817371270815082,0.013431405930597919,0.7342105974032112,4.691805202582353e-6
162,45453_386,2024,-27.914624940859337,0.1178313435231146,0.04602726864530452,-0.0019361515763442571,0.0375716821821409,5.905154168037001e-6
162,45453_895,2024,33.529382351654675,0.9788996545329176,0.002934220058949527,1.520610951694504e-4,2.8210909498310185e-4,5.3955998680510486e-6
162,45453_892,2024,18.405545611512768,0.9446677132400717,0.0026769488487270654,1.5942186992321328e-4,3.3105564205143163e-4,5.26462092361371e-6
162,45453_889,2024,11.789285674635048,0.9492496569422396,0.0015907993358814578,-2.4188533747890876e-4,9.387971676733803e-4,4.604880322751039e-6
162,45453_880,2024,30.571311850701264,0.9871330206619832,0.002091781364098519,0.001883489734337269,0.046498587768960806,5.111587491781219e-6
162,45453_893,2024,7.436821296756353,0.8473244040521783,0.0019129256123792508,-8.408805094527434e-4,0.009250236818647629,5.273398980137869e-6
162,45453_876,2024,8.938163316704713,0.9272248287154292,0.001513172438888654,-0.002563653706732618,0.08667790194590463,5.028728553418343e-6
162,45453_905,2024,3.199381250170894,0.566509037765667,0.0016865165505077018,0.0014997079325060466,0.033665981393192004,4.8418651881071316e-6
162,45453_903,2024,27.379070171818025,0.9894717649485363,0.0016833956908415932,0.0034221526286581246,0.14831537714383544,4.88806667446932e-6
162,45453_411,2024,30.477770139657284,0.8910130943465704,0.006441238082552721,-0.0039556131552676435,0.16931440236712425,5.294515775351463e-6
162,45453_413,2024,51.06561153993674,0.9611752354501618,0.006219170280503314,0.006488299884849104,0.28189182517420436,6.275312976428527e-6
162,45453_412,2024,-1.2999005711001594,0.009902081708648309,0.00781137628153785,0.0062152836295152,0.1280514623101704,9.746657633077861e-6
162,45453_4,2024,28.028693613496785,0.9575677370196702,0.003498023273692634,0.027589513516256547,0.7124690309167527,1.03910600579202e-5
162,45453_432,2024,15.066608755773647,0.8962504612281753,0.002976143678200987,-1.6341269365233264e-4,1.9471841854021242e-4,6.798294543210941e-6
162,45453_433,2024,15.891150079816471,0.956897824411377,0.001968207055573707,0.0013779369137170126,0.02299802587622944,5.241196217230046e-6
162,45453_414,2024,20.49126584964807,0.9708673049828439,0.0019490735658599682,0.10410463914020693,0.9919179514438086,5.159908330940219e-6
162,45453_436,2024,-11.373368894178101,0.25710616128777697,0.01165022389228647,0.0086680111866995,0.4161942151759688,6.186480526552149e-6
162,45453_438,2024,31.280760061663,0.9754409314094482,0.003007693221788415,0.0053387606335910925,0.2557392055013846,5.5189333147389974e-6
162,45453_435,2024,41.60342832652438,0.9780228373624049,0.0037791246335761395,0.05584550487013816,0.9238000521106885,9.71912906254142e-6
162,45453_434,2024,-16.980012178132565,0.007789346487226418,0.1158058433592691,0.008221298415910214,0.35542044944202505,6.690344991182468e-6
162,45453_418,2024,50.30011389552988,0.9674118374755484,0.00557871597838614,0.004613840251322223,0.3036856538182787,4.2217657439457e-6
162,45453_417,2024,6.216399877153956,0.19002197321791964,0.007777220851586937,0.001316780151821713,0.03040673734773444,4.505821019275829e-6
162,45453_419,2024,11.271128124971762,0.9569152796887612,0.001445217879310837,-1.1905223663480502e-4,2.8760421961091664e-4,4.241490663939475e-6
162,45453_420,2024,68.38434952170988,0.9937953034554061,0.003178110697105329,6.753654370314242e-4,0.009377937187210618,4.082626650668977e-6
162,45453_421,2024,26.370988379448214,0.9851551639889868,0.0019616095728280333,0.007086080973809053,0.4543378310153193,4.7057555686864386e-6
162,45453_439,2024,4.74036581759752,0.5593245631318827,0.0022493276033479395,6.725988189416098e-4,0.011818815090882723,3.287765250313286e-6
162,45453_441,2024,-101.38443296410524,0.365342789689305,0.08097321763404743,0.11833261292116191,0.9579758426404208,1.5018531311940667e-5
162,45453_422,2024,32.74812384658274,0.9529348613068428,0.004397901849306498,0.0063897599630776715,0.34888563896825386,5.27488115295896e-6
162,45453_423,2024,9.936929105741523,0.9020234750110111,0.0019845181218070664,-0.0032871695307936095,0.12344815795925147,5.307859040564779e-6
162,45453_425,2024,5.271198209971548,0.7885448690902211,0.0016540781987710736,0.004537632483733182,0.22745140663273736,5.06755755034961e-6
162,45453_424,2024,20.429121796804377,0.891177476742523,0.0042437307120514805,0.0030471006727400473,0.12959249859651098,4.694388293615966e-6
162,45453_426,2024,30.193918009240686,0.9687833622182318,0.0032752182316313824,0.019184069290574816,0.7813947719713715,6.131642143602424e-6
162,45453_442,2024,41.515255012608336,0.9553383728122619,0.0054242214842768945,0.012955843167199518,0.6207706905006922,6.119163715170952e-6
162,45453_427,2024,13.375041606505533,0.8713383300878935,0.0031057562566986956,0.022111838767449515,0.8872508204484437,4.763206325281933e-6
162,45453_428,2024,7.2860189628525465,0.6486771416155279,0.0030893983193635505,0.006084364281402011,0.29639124861214683,5.401232078952092e-6
162,45453_429,2024,69.65264141371472,0.9951114932283799,0.002950060175445811,0.0013250397478295588,0.020959011699774946,5.472490142974801e-6
162,45453_431,2024,16.96576942427537,0.2464756393629883,0.0179257053170428,0.009864612826780075,0.5524048726520955,5.365806580911059e-6
162,45453_443,2024,25.372758020799157,0.9410839818238103,0.0036394225371266025,0.009703848167242594,0.5692226397332637,4.839401390341983e-6
162,45453_444,2024,16.990273729169196,0.8909162641967406,0.004418407324491303,0.04281744263382351,0.8922821259320313,1.1056491368120106e-5
169,45460_288,2024,14.374317074872119,0.9528903152981703,0.00178384424816561,0.008911235345079413,0.5001608329352055,4.972036239423985e-6
169,45460_583,2024,19.70979892551254,0.9676745592031669,0.0020398119263237203,0.0012949204254979415,0.012614797919292693,6.487040453354068e-6
169,45460_386,2024,23.559340126470726,0.9078096231727582,0.00453679933740091,-0.006583818605623074,0.257403459111804,6.75753296705611e-6
169,45460_380,2024,13.960105988900441,0.9353055708998491,0.002224826655685587,0.011300057319775878,0.6321136786069049,5.223849474673523e-6
169,45460_351,2024,39.408868457302596,0.9879469455143228,0.0026377066572035326,0.0037566905446627993,0.1291488663888458,5.9112981568384704e-6
169,45460_356,2024,42.465936891687804,0.9862422897874804,0.003014141117552979,0.0016118350236500796,0.025366972699479705,6.004107134071049e-6
169,45460_366,2024,21.40149554703189,0.8832031076313361,0.00470295168789358,-0.0010395271938947364,0.008411578442660834,6.820306208894062e-6
169,45460_362,2024,18.116400896203462,0.9076693694092465,0.0035013196835723807,0.001763867062375496,0.028399464900809104,6.2518050408955125e-6
169,45460_217,2024,10.994313715252257,0.8809456640531889,0.002428889602094101,-0.0012456283651727576,0.017582163814479506,5.595540595480947e-6
169,45460_678,2024,46.13452712332862,0.9918858008638112,0.002528534301404053,0.0010732012214190213,0.012312266165012273,5.824689410424615e-6
169,45460_677,2024,13.226159192113961,0.9475334694065751,0.0018353717155273725,-0.004998911423990881,0.25150619175337435,5.085593017134131e-6
169,45460_318,2024,78.31331123988096,0.9977004637888731,0.002241026848536742,-0.0017216555405383392,0.02918008913472051,5.91920972619312e-6
169,45460_309,2024,34.70907657661481,0.9769821856759514,0.0032104786650267066,9.165171477692111e-4,0.011130995996067938,5.205722020284485e-6
169,45460_302,2024,30.090988558315743,0.9941677975942476,0.0011913315607931956,0.0021058868987424957,0.09432492189056343,3.373011081069011e-6
169,45460_933,2024,21.73858159458428,0.9939866062915688,3.888145333268152e-4,0.0024387467732015443,0.7127716988679577,3.559974046136035e-7
169,45460_236,2024,35.33228232670329,0.9864974032584293,0.002490980784874973,-9.290048178213458e-4,0.010790358791949815,5.360214922683007e-6
169,45460_165,2024,46.639747354650545,0.9970481663509599,0.0014440204294343289,0.001418881814477641,0.03726590351366004,4.103673972649398e-6
169,45460_175,2024,119.89229957043075,0.9977925841080576,0.0034076445031835487,5.398356995513056e-4,0.004242167866881404,4.997877261593996e-6
169,45460_176,2024,91.26666669188977,0.998266910780056,0.002304358755679103,-3.803871218549512e-4,0.0022232454286084946,4.883144478433571e-6
169,45460_153,2024,46.137444781578075,0.9604363247847151,0.0056743790786443855,-0.001913394383029154,0.0501927768700936,5.043736606762469e-6
169,45460_529,2024,15.53721757777876,0.967876277647253,0.0017152484608349966,7.014255116165421e-4,0.007656861940013468,4.8388021686509605e-6
169,45460_544,2024,39.2171970826041,0.9894196195061484,0.0024238476592970716,-0.002551443505018758,0.0881808478031716,4.903673684096156e-6
170,45461_411,2024,59.398392499496296,0.9890218004810433,0.003781624160080676,0.005406403769477328,0.13668970937393937,8.210414270386742e-6
170,45461_412,2024,35.821057545471135,0.9248200194822771,0.006188874534218234,0.019750824314905147,0.5656022214255924,1.0488762515203829e-5
170,45461_413,2024,119.09021205708278,0.9933156215037535,0.005919891326527911,0.0056130223237760655,0.13177766391777634,8.730560501339838e-6
170,45461_4,2024,40.50673727135606,0.9797754326160567,0.003507047277031932,0.0785388398279354,0.9557058320759204,1.0189048915380115e-5
170,45461_432,2024,31.054286005351862,0.9726173205602897,0.0031399774545994817,-0.03971475437372661,0.9305212248449972,6.539624703245152e-6
170,45461_433,2024,23.25277385896953,0.9690094058724725,0.002519860533352046,0.025640759702971305,0.5630922874445902,1.3686321465624884e-5
170,45461_414,2024,26.998663152561146,0.9659348605577552,0.002982111810512615,0.06350362976308536,0.9648275407355957,7.131412667202633e-6
170,45461_435,2024,32.52590837897075,0.9703095951042067,0.003428627792796393,0.04172203441803942,0.89194532848249,8.750968950844876e-6
170,45461_436,2024,21.9389234021848,0.9339735375442638,0.0033866243948633126,0.041510101904005926,0.847899800447324,1.0207195113417018e-5
170,45461_438,2024,46.56325168271087,0.9867992399038437,0.002998732551379549,-0.00909520786518704,0.43618386129110226,5.757791721635444e-6
170,45461_434,2024,6.1208881861045965,0.8012106147025659,0.001685760065876091,0.009077552069061575,0.5763593683437738,4.30307525237889e-6
170,45461_417,2024,22.052443819530946,0.964782563030765,0.002553122519596535,0.0019215821800164063,0.045899907489388554,5.308854322345671e-6
170,45461_418,2024,90.11331501756132,0.9732684105039002,0.009049734248401815,0.0026363006844167783,0.08286291156856089,5.314748986705819e-6
170,45461_419,2024,37.020274581820104,0.9761306355385296,0.0031934234758559657,-3.670856689058042e-4,0.0026224377252180315,3.9490720421542905e-6
170,45461_420,2024,122.12425676559292,0.996230616478,0.004552059572901289,0.002115635353509242,0.04868216358719751,5.667212292783707e-6
170,45461_421,2024,33.433796527013094,0.9910764820290143,0.001714692306673641,0.0049792511990112585,0.2989120747096924,4.121588115342169e-6
170,45461_439,2024,6.938548672701507,0.8179189910130015,0.001978275914441635,-0.0018316042764067921,0.048472822892524726,4.90381565634735e-6
170,45461_441,2024,24.11089808402732,0.9659597755557948,0.0027275208781782434,0.19872265951557322,0.9405845783733612,3.00978910154897e-5
170,45461_422,2024,68.31495470027312,0.9812039945658586,0.0054894508812049405,6.814814516318609e-4,0.005576632283460759,5.283402382424718e-6
170,45461_423,2024,12.565560928092522,0.939264164163184,0.0018137303639642807,0.003064792173350923,0.12521788816162166,4.598116841398427e-6
170,45461_425,2024,17.19267917022961,0.9774662948799423,0.0015687385541926998,-9.749017776759108e-4,0.010347478879108571,5.729629753702624e-6
170,45461_424,2024,38.04562597661404,0.754156886846943,0.013018311505279958,0.007707740930192683,0.38449133794970175,5.844571362279814e-6
170,45461_426,2024,48.9205767129689,0.8791624311088704,0.010959709475821864,0.017208845748806524,0.7920829334727786,5.327856611185967e-6
170,45461_442,2024,63.27229402646245,0.9646427384824947,0.0073404117739330815,0.004242416428092184,0.22682712533545887,4.746296749239303e-6
170,45461_428,2024,27.49824212026613,0.9862126282461974,0.001970203909923102,0.0018829666328791094,0.056303605559345646,4.671339699616278e-6
170,45461_429,2024,86.47064320061968,0.9946265053246361,0.0038300557583059833,0.004852959425073864,0.2502623838659913,5.061759796002668e-6
170,45461_431,2024,40.24649955326827,0.9753297113572579,0.003867947283814784,0.007615792510943125,0.3933162861117631,5.715659539387441e-6
170,45461_443,2024,31.365986921561376,0.9818047059277519,0.0025874783439602403,0.013634369926984146,0.6589626038578731,5.9436944065911475e-6
170,45461_444,2024,16.932322850304203,0.5815799125880762,0.008678789389146593,0.042840403329107865,0.9517375715825569,5.829624393344496e-6
170,45461_427,2024,23.92234277852223,0.9187612636996811,0.004310570298684197,0.03208127932231977,0.9107438951417866,6.085878686766291e-6
170,45461_895,2024,155.77335981152115,0.9561804835018104,0.020207278265160937,-0.003962795465163228,0.1818458306912843,5.093523790677936e-6
170,45461_892,2024,38.62071433288288,0.9254328927549526,0.006643122576253468,0.007099429639352258,0.3895385522507068,5.385526154629275e-6
170,45461_889,2024,21.222029988989917,0.9726810394922419,0.0021315009784533445,0.005084213701967231,0.21137757860034567,5.885463219978356e-6
170,45461_880,2024,47.34947844157097,0.9921172207682458,0.0025575502137266766,-4.0061679687581177e-4,0.0018169530199547458,5.690011992653576e-6
170,45461_876,2024,16.902326355473832,0.9518118476906379,0.0022855076021814453,0.0021735529514166877,0.041916293995318814,6.244851511710459e-6
170,45461_893,2024,10.110652942182256,0.8827293992390948,0.002233113331913091,-3.323176747151343e-4,0.0010102312303477102,6.332487588219901e-6
170,45461_905,2024,4.321158440355368,0.5365972056895385,0.0024333584774759256,-0.0017683298904214825,0.028145153583766767,6.29669939663424e-6
170,45461_903,2024,48.49115302187133,0.9946924992145418,0.001991171890630952,-8.944018716956237e-5,9.997316722477175e-5,5.028227207124254e-6
177,45468_895,2024,48.836255118917556,0.9915807098694858,0.00272688509864646,0.0010408359739317637,0.011593543024406254,5.823616579931631e-6
177,45468_892,2024,15.495858337137907,0.862462285334474,0.003521160012285538,0.006455071551399297,0.11554052286345533,1.0162537110672657e-5
177,45468_889,2024,14.193938334652069,0.8475561964421929,0.003647743836208403,-0.0030190813742912853,0.04952144425896643,8.014936964152324e-6
177,45468_880,2024,50.917111044190044,0.9856458096537694,0.0037234321710998552,-0.010344019552510327,0.2068455358880372,1.2274277135204387e-5
177,45468_893,2024,10.686859865852464,0.872001695838594,0.0024145708479250522,-0.0018422862060546376,0.015351100606845166,8.701105540331456e-6
177,45468_876,2024,10.642633572130746,0.9070983394010913,0.002063880006400937,8.14915602006336e-4,0.004365909438049092,7.457202426826941e-6
177,45468_905,2024,1.7851823476760815,0.02645583123737623,0.00818706210797686,-0.002664953839196979,0.01735437170042132,1.5160449690554309e-5
177,45468_903,2024,44.10871098314528,0.9793216924136487,0.003883917143277582,-0.002920623610977051,0.04421531327683579,8.22848827098221e-6
177,45468_288,2024,14.783052007942631,0.9525759564124832,0.0019987771198202334,0.0027163673158935265,0.09058434535388957,5.215475575930179e-6
177,45468_583,2024,39.70791310524934,0.9864215997920271,0.002799701189260363,4.533984637220969e-4,0.0028647917383673987,5.083374960197112e-6
177,45468_386,2024,32.8730760726172,0.9787744700593395,0.0029334526409847328,-0.005281068434582774,0.2562644442844278,5.451771844320128e-6
177,45468_380,2024,18.46071394472345,0.9736234361552129,0.0018310495715487196,0.006971550572272011,0.3908133370181133,5.245149814275293e-6
177,45468_529,2024,17.04814302133046,0.972178303455135,0.0017427575276073226,0.003503324823324889,0.17066695886047106,4.666714262038326e-6
177,45468_544,2024,69.24106242030402,0.9842784795332022,0.005302769902025787,0.0024427645005243664,0.07900807249018353,5.053875746095027e-6
177,45468_351,2024,39.95231480281014,0.9939851159339015,0.0018832866100980724,0.004309560139342624,0.2123531371116214,5.0294461270521686e-6
177,45468_366,2024,26.091280171126908,0.9794363586732227,0.002290910217957948,0.0031897146973949597,0.13457253137018557,4.901621228209515e-6
177,45468_362,2024,25.613827337682153,0.9673125896732688,0.002821844431034228,-6.930208526954304e-4,0.0052884473857983715,5.696164750010896e-6
177,45468_356,2024,57.75547184349796,0.995870857923982,0.0022288112434346815,4.707192806486905e-4,0.0038220472729425825,4.5544315098027465e-6
177,45468_217,2024,28.237665667723636,0.9718212508431538,0.0029056111697168146,2.221124404738906e-4,6.438460632394608e-4,5.287897788999909e-6
177,45468_236,2024,34.53223422282517,0.9818463536011364,0.002845349569545645,0.0010792275358869122,0.019725164241167402,4.610281166303048e-6
177,45468_165,2024,64.63184595073498,0.9964616120403791,0.00233383301825825,0.0014750450887525384,0.035343680255718275,4.669673324776903e-6
177,45468_175,2024,148.95483629898476,0.9986047298973669,0.003336865453903748,0.0034125069712016903,0.1711170911079576,4.501167740049805e-6
177,45468_153,2024,61.929393302787105,0.9808703706825009,0.005127442381261824,0.0036459810546231645,0.1771982846113605,4.657884756347389e-6
177,45468_176,2024,97.16638606978269,0.9987364133161375,0.0020943241954842788,-8.876586980544306e-4,0.01356015630775178,4.587750062628886e-6
177,45468_933,2024,33.687382777495095,0.9904815321720152,0.00200114420260882,0.006074769291853191,0.39613986124723555,4.54490154178109e-6
177,45468_318,2024,84.12697810362263,0.9968029284784157,0.0028870718631712066,2.9016439578496023e-4,0.0014774438805503754,4.571074997159716e-6
177,45468_309,2024,38.450427357812835,0.988096796099443,0.002557314516507882,-0.0014438741598637032,0.043308550225300245,4.112247538726826e-6
177,45468_302,2024,41.918943888433674,0.9961236624785804,0.0015714700191677396,-7.501974910604091e-4,0.011581607847007992,4.1648867029308e-6
178,45469_411,2024,73.73323045261165,0.9553466974769683,0.009659626463649672,0.004952296267569393,0.14007598327700127,7.435421609683089e-6
178,45469_412,2024,48.98035101561691,0.9701653791335065,0.005161796416587929,0.12050189038052606,0.9752040286557316,1.1547242404071043e-5
178,45469_413,2024,149.72155241302923,0.9727209163594603,0.013462166471659803,0.0027399804339186956,0.0032766349925861353,2.5658462099334187e-5
178,45469_4,2024,64.77527017478498,0.973716785385211,0.006430921230238146,0.22555632867455766,0.7581934182242765,7.697330170636287e-5
178,45469_432,2024,31.6632999662756,0.7401434635272818,0.010837003864448816,0.053698365187396124,0.09063446093378101,9.824892708422957e-5
178,45469_433,2024,36.31606683123439,0.5355933509848045,0.020491852183425766,0.005123067341673355,0.036849534187358486,1.587127858311952e-5
178,45469_414,2024,46.73708947480766,0.46582433690286124,0.030327974545937254,0.27750083460170855,0.4673956426150877,1.7950440203308045e-4
178,45469_435,2024,43.18400856190932,0.950328381998886,0.005982614766962529,0.20117889046709794,0.5142109510306473,1.1849127969493307e-4
178,45469_438,2024,51.0929872145789,0.9497552093856911,0.007062241692944623,0.005402350490912174,0.04547962633215644,1.4873340392833957e-5
178,45469_436,2024,23.650127299496358,0.32225238408470397,0.020783572188581064,0.010859513552715831,0.27292100599246066,1.0740721865581555e-5
178,45469_417,2024,23.636314292724617,0.95701026265093,0.003035670542204961,0.0028904069912285115,0.08429440328307354,5.772824367924674e-6
178,45469_418,2024,106.07853012739662,0.9569092644226616,0.01349074147599731,0.00840773924550421,0.5178661723993095,4.861899941060718e-6
178,45469_419,2024,46.8297601289368,0.9883726660924593,0.0030778852480849426,0.0016882607605909488,0.04117342831874374,4.936871504627735e-6
178,45469_441,2024,28.6152369730296,0.6213960856675056,0.01376765218497439,0.47027966244104746,0.9925599708399429,2.5096859774504902e-5
178,45469_420,2024,132.41799013428937,0.9617675384468309,0.01599848455805993,0.009408939110390875,0.2385395017911894,1.0186734219224192e-5
178,45469_421,2024,15.951231067527191,0.030457236454958694,0.05453599298378603,0.0028561139315656484,0.0453313614436744,7.942427444255087e-6
178,45469_439,2024,15.637275712621594,0.7529942782454733,0.005427121495098464,-0.007381264049492208,0.12298296330339226,1.1944364875230822e-5
178,45469_422,2024,77.820179222121,0.9890138096423198,0.004928970421230288,-0.0058969927622316625,0.09664948720380523,1.0834292807830221e-5
178,45469_423,2024,23.832537754146358,0.9506056615162368,0.003282840048496442,-0.008885632559899392,0.013381700183372983,4.610503229588202e-5
178,45469_425,2024,2.360148752461418,0.018280179099242636,0.011336383110919893,0.002534698323360138,0.007942677689931996,1.8567044280670012e-5
178,45469_424,2024,61.11951804568367,0.9744931598076798,0.005958773310433772,0.03751919229739262,0.7700770442894226,1.2354226758736153e-5
178,45469_426,2024,13.607048487368283,0.006910338772753893,0.09884603997304972,0.05339959847231338,0.9506091096501729,7.375835374077973e-6
178,45469_442,2024,81.08529864409587,0.9137822137826566,0.01509280586371297,0.021912267604572586,0.6785448891047686,9.139216817864449e-6
178,45469_427,2024,50.01144563417971,0.8271524031383528,0.013738835282833043,0.034373025117194436,0.7671552452520667,1.1380227887750785e-5
178,45469_428,2024,28.46571747289973,0.4993288972644946,0.01727252496809241,0.010370806126075665,0.0354628167002618,3.2774507246790315e-5
178,45469_429,2024,119.77095088903823,0.997733309464554,0.003459323357156637,-0.007739058872888908,0.43371847683476794,5.358597856665301e-6
178,45469_431,2024,55.191642910744385,0.9514993747894799,0.007550809589908312,0.028384648594232557,0.18322203943513216,3.63159535985805e-5
178,45469_443,2024,68.34587004939121,0.9917199240717613,0.0037843012279041694,0.06915574739818771,0.9773393332511262,6.381058327323397e-6
178,45469_444,2024,34.1293340349301,0.8281899803861745,0.009419716959467205,0.036597484687033256,0.01725598214665732,1.673602756787529e-4
183,45474_411,2024,47.3015629668933,0.9880491079683597,0.003152369879265283,-0.006054115177025516,0.14390987591367127,8.947792514037483e-6
183,45474_412,2024,37.825485981268606,0.968969511966235,0.00406785408803443,0.08178721164479777,0.9352571581447982,1.2931751910809996e-5
183,45474_413,2024,135.1714765469972,0.9922650052261739,0.007231893374279487,0.0055083535321345375,0.2089506277397355,6.494602012277703e-6
183,45474_4,2024,49.19055572363558,0.9779811836024408,0.0044726431185449075,0.3543264428522793,0.9394609187649271,5.450456773962756e-5
183,45474_432,2024,21.994228171333017,0.9352844362249859,0.0035058394499706386,0.003718116600500655,0.04510547397591928,1.0366612459872814e-5
183,45474_414,2024,47.222072565601394,0.9925201099113428,0.002484126894002383,0.4110422997027659,0.9966603478481497,1.4418308896738515e-5
183,45474_435,2024,40.38054637005545,0.9229063881269705,0.007072180609071798,0.25309869855509126,0.970367623370768,2.680129551618698e-5
183,45474_438,2024,41.58003432721908,0.9944196319910911,0.001785639228455311,0.008699392856217342,0.38718305518335194,6.2742013881441484e-6
183,45474_436,2024,14.672300155757307,0.894728489051822,0.0030161973255005982,0.011892399053139378,0.6003339527684641,5.815317093211794e-6
183,45474_434,2024,52.650205983628375,0.9772171907284382,0.0047408319159528015,0.022854663054585358,0.8850305192592679,4.8577300789032574e-6
183,45474_418,2024,95.23571975025209,0.9763036741459864,0.008703792459396398,0.0018503350935539468,0.051220904421540585,4.67164606027175e-6
183,45474_417,2024,22.66155696645879,0.9617720872311681,0.002480807145289442,-7.794511063096671e-4,0.010891643832551087,4.0786190951812936e-6
183,45474_419,2024,39.5408188744513,0.9843045598232368,0.003017232001628897,-5.925653606581652e-4,0.004278141269709449,5.462843576690583e-6
183,45474_420,2024,133.7250721917103,0.9947632298389476,0.004916341591907723,0.005480083553978429,0.38621325230594045,3.500577221701944e-6
183,45474_421,2024,51.66424455593862,0.9838317410367909,0.003969292002636555,0.006742519243811401,0.3629249558251858,5.353783775202185e-6
183,45474_422,2024,65.79152214261669,0.97932067464873,0.005777190660632699,0.005078543138749663,0.21508431236510464,5.862560363750973e-6
183,45474_423,2024,14.440117863103293,0.9497486947736794,0.0019639861972944993,0.015841912872087336,0.7584559094026408,5.286144513509551e-6
183,45474_425,2024,14.322584469489588,0.9596532323286402,0.001779587647483876,1.2161180223543926e-4,2.1553221475917778e-4,5.019074050830606e-6
183,45474_424,2024,57.9080806778021,0.9757362698042611,0.005533533101612163,0.03150452098204677,0.9051629830896473,6.1794413171770014e-6
183,45474_426,2024,51.88972825697392,0.9717120750734282,0.005291533228918094,0.022083540012543597,0.8775486502428265,4.930412607405509e-6
183,45474_442,2024,50.94139647135537,0.9772390397658884,0.0047110369860249935,0.013489534492600156,0.6848578040210627,5.544990657030658e-6
183,45474_427,2024,32.63350011748161,0.9883933579110955,0.0021429045429705853,0.0377936375016077,0.9314560911297061,6.212590312927895e-6
183,45474_428,2024,17.12118672212937,0.8962355491091839,0.003540090566613669,0.017634763423841987,0.671361834821631,7.497519569585024e-6
183,45474_429,2024,76.92662367292293,0.9910919223799537,0.004312310979923355,0.004439377410794694,0.14709384707088435,6.3208256464622316e-6
183,45474_431,2024,47.14446770761158,0.9858108629618224,0.003427383567820452,0.015402625096287757,0.3704227834639179,1.2168055520464695e-5
183,45474_443,2024,43.68829245288247,0.9921161537912402,0.002359954685438618,0.0520751845930685,0.9773816684820547,4.800426094574608e-6
183,45474_444,2024,27.417393408901823,0.9801134601630828,0.002373203036499233,0.11352500697921558,0.9911025585394777,6.5363019169903545e-6
183,45474_439,2024,4.95448786214664,0.7650813765365941,0.0016636212493568172,0.0016186410902549072,0.03679261799432091,5.018580540760914e-6
183,45474_441,2024,18.176700992363063,0.9728101032950557,0.0018414315826772746,0.4396772594713069,0.9615655610986045,5.3266677456393095e-5
183,45474_433,2024,21.621502755893555,0.9820914236346814,0.0017643367992945494,0.0027229217804244222,0.09020070187443366,5.225694909378617e-6
190,45481_889,2024,12.847671259123905,0.10800010102176764,0.021436541983463543,-9.311504590866408e-4,0.007073166411585421,6.40518295281863e-6
190,45481_895,2024,57.87262683139159,0.9617408923310502,0.006994591476676161,-0.0019883970551251235,0.009144738963484667,1.2542189155930136e-5
190,45481_892,2024,14.201108700938972,0.24186204006912407,0.014710898529146864,0.005014460080890065,0.2028010182052977,5.817001333299543e-6
190,45481_880,2024,30.012885133742277,0.14500790610736772,0.04416149188877922,-0.013351271308479568,0.40847155319737044,9.735994323609385e-6
190,45481_893,2024,-2.0708619755880884,0.0048728139975844865,0.017225703380468995,-5.93808862019687e-4,2.3410618164313877e-4,2.258737825797844e-5
190,45481_876,2024,9.802303778697489,0.34297714994596235,0.007777644707607878,-0.004025426471760186,0.21074514007253023,4.465849117057844e-6
190,45481_905,2024,-0.42224757169765337,3.0147135548214924e-4,0.014693312150522733,-0.0021338270209893045,0.060298420952099384,5.090286933903191e-6
190,45481_903,2024,42.92449843558216,0.9531639529292601,0.005765836499551445,-0.0023346141014921255,0.052724130143223365,5.996521729857745e-6
190,45481_288,2024,34.94095422261258,0.9659360072584258,0.003965056716640312,-0.0033676288988240145,0.16807969912545428,4.527396205824846e-6
190,45481_583,2024,40.631665534171404,0.9684111531241085,0.004446849196331753,0.003072144630084919,0.11103168749938346,5.267591757388961e-6
190,45481_380,2024,25.581205645549005,0.9384873177418972,0.003968623677136437,0.007841050100567407,0.34505592073446495,6.546096133622349e-6
190,45481_386,2024,33.46590513648501,0.6873117167654111,0.013678305134640295,6.172088967192332e-4,0.0030307466200756965,6.783424989686086e-6
190,45481_529,2024,22.681787080316887,0.5165530539490828,0.012974558415993773,0.005063750539558348,0.24496936233056385,5.256504937058856e-6
190,45481_544,2024,60.22672415312722,0.3991255979632822,0.04477927768135622,-0.009007968891981417,0.46794141076625656,5.820518162474842e-6
190,45481_351,2024,52.14986162778088,0.9864673217818364,0.0037013015426530208,0.001085448087545912,0.014968866145527006,5.335687253326474e-6
190,45481_217,2024,10.749416704801039,0.057959903192597986,0.026260715157845914,-0.0018482927546239706,0.050780346771372976,4.842359988957682e-6
190,45481_356,2024,44.194286101493226,0.7723613638833485,0.014538835464653645,-0.002698940539052083,0.09136828983670432,5.157512566866468e-6
190,45481_366,2024,-39.1341597782786,0.03792058245981737,0.11944686552155143,0.002416144530014162,0.06782279136217234,5.427940789789567e-6
190,45481_362,2024,21.696391785352205,0.370188541932345,0.01744357724764978,-0.002327855897465754,0.07740623669353706,4.953676237756844e-6
190,45481_678,2024,83.70606347508914,0.9846045924533535,0.006342673656820244,-0.013631683786847797,0.5652338650822232,7.244594005861124e-6
190,45481_677,2024,-32.74159641833229,0.1335435805931155,0.050537352449408726,-5.053942606213722e-4,0.0033315009953343295,5.297079363147932e-6
191,45482_318,2024,104.56373849270209,0.99655871190614,0.003723410807307439,-0.0014186997995315573,0.011509750564297776,7.96699469707564e-6
191,45482_309,2024,43.849595050599675,0.9686459331881067,0.004780582075630855,0.0026009885794462478,0.05333781212894249,6.640016272671538e-6
191,45482_302,2024,58.76867254102729,0.8946321476215283,0.01218761537169843,0.008650543449877257,0.1953017216968107,1.0610795308322391e-5
191,45482_933,2024,50.91699019637757,0.9890582970764037,0.003245226545675048,0.008082334707912342,0.34657978858246064,6.724845004048639e-6
191,45482_236,2024,46.003038219121564,0.9616048258086188,0.005570283522336104,-0.005550318643891066,0.2560695502395314,5.732656196512564e-6
191,45482_165,2024,98.34856405459706,0.9916849046816579,0.005457145960718413,0.005549360939691989,0.17727932019805356,7.244208187865191e-6
191,45482_175,2024,252.84606048739292,0.9972607633814987,0.008030033949556148,0.005823745405193962,0.08133164311021135,1.1860493728953104e-5
191,45482_153,2024,84.82651590793802,0.9778248580411465,0.007740786314591929,0.003123525692576682,0.013444179672982294,1.621397660188262e-5
191,45482_176,2024,178.09550269435343,0.9463606978524743,0.025693125962360265,0.007696559924788267,0.12313661665823415,1.2445713405601131e-5
191,45482_411,2024,58.44548652158911,0.9907118800747359,0.0034291934196543816,0.004212356972047029,0.1448997169412279,6.2008425821456495e-6
191,45482_412,2024,74.00044108500651,0.9639125920278161,0.00870082877787359,0.28428966562706054,0.9889752160805945,1.8239826704976115e-5
191,45482_413,2024,207.40594815246735,0.9575494173667242,0.026462643038002234,-0.005851733521168844,0.0015275554688536231,9.065773613150295e-5
191,45482_4,2024,86.31628237583055,0.9719242110894872,0.008889826657362425,0.44617272131722896,0.9946364661262086,1.985395902120424e-5
191,45482_432,2024,23.790557334501447,0.33681928658479826,0.020116855392254777,-0.026838650253470573,0.044798301261516675,7.468191588454132e-5
191,45482_433,2024,28.502231086601356,0.8304196861305901,0.007804921474293674,-0.012410978299654329,0.02064076559121012,5.1804192496263626e-5
191,45482_434,2024,77.20225160795768,0.8697799566780707,0.018101516833624754,0.11384026995799396,0.901513684694849,2.28007158149478e-5
191,45482_414,2024,52.86732096451344,0.4054431681390763,0.03879446602263109,0.002124490796432157,3.4786734375948076e-7,0.0021827235275833114
191,45482_435,2024,61.30296943739934,0.6059940568711576,0.029870312095147997,0.9665799238318161,0.8498724883207566,2.454890204660173e-4
191,45482_436,2024,30.768971162480263,0.8268554525965519,0.0085320495499845,-0.053008705743263766,0.015745631146042438,2.5396368571084006e-4
191,45482_438,2024,72.12330783459105,0.9913827384176889,0.004086080276769243,0.0185740718255807,0.6651664441154075,8.007993983781032e-6
191,45482_418,2024,144.95649036397214,0.9741258772686084,0.014315737421716452,0.012550694487793439,0.4866410417735478,7.811325685547357e-6
191,45482_417,2024,17.574447135896463,0.04757648799139906,0.047648728657322684,0.0024848270049200693,0.05186357757985304,6.4380021812303085e-6
191,45482_419,2024,61.076131632836685,0.9888754298048392,0.0039254832758331,7.882868073776568e-4,0.006990760164040833,5.6931087986244925e-6
191,45482_420,2024,221.89039464664714,0.9942117874380719,0.010259402443853968,0.009820489401280033,0.4979383219363692,5.9755058237794154e-6
191,45482_421,2024,29.877764478267,0.04160970532624837,0.08689059370811175,0.01583069961714723,0.5584261578616911,8.530405630844258e-6
191,45482_441,2024,54.81253681482203,0.9814508696710837,0.004566234157116603,1.025894182808759,0.995121996316107,4.352474625896139e-5
191,45482_439,2024,16.81485155264703,0.9044347167617872,0.003312114048751833,0.029083255138607548,0.5084307001451921,1.7328871761101096e-5
191,45482_422,2024,126.72855401024157,0.9845910848086256,0.009606901640309706,0.010771803782778073,0.5223061313860332,6.242398463426843e-6
191,45482_423,2024,22.228093036573856,0.7325044857377098,0.008139656826753727,0.029761441827608245,0.054106625527276124,7.540508194343294e-5
191,45482_425,2024,21.65458835688667,0.8717662050935637,0.005032710478319559,0.0148277189883281,0.5765210970759184,7.700756941806907e-6
191,45482_424,2024,98.81797134972732,0.9802891820216915,0.008491060482772539,0.11698380097634686,0.9807198438262731,9.939380170049271e-6
191,45482_426,2024,64.41123554965806,0.9896251357777913,0.003996393683095377,0.06804982617572045,0.936081463546862,1.077542455402639e-5
191,45482_442,2024,99.27300508689645,0.9650865629534542,0.011441820187199405,0.05107299394259307,0.8657061395205028,1.2189472995372322e-5
191,45482_427,2024,56.71255487904882,0.9677826178282862,0.006270269535734913,0.08376724474893917,0.9631013269068137,9.935606812050407e-6
191,45482_428,2024,19.829396070600644,0.23529209087640007,0.02166229150102378,0.02208929760070483,0.7036193903817812,8.687377265266344e-6
191,45482_429,2024,107.51984579182279,0.8785508844862272,0.024224405774241974,0.0020619388832503476,0.05536221620384561,5.1612214438193085e-6
191,45482_431,2024,71.98143597242716,0.9281664838044491,0.012168538598914615,0.047839022781777076,0.17181921377720138,6.382286671186955e-5
191,45482_443,2024,88.97054875497159,0.9906407012372451,0.005225777151376511,0.18437781295631975,0.9741978582014819,1.8132345993442334e-5
191,45482_444,2024,50.15761868959987,0.9876824327243572,0.0033847902478167657,0.2455096948161931,0.9769079452125685,2.280941568060041e-5
